sample,metric,equity_metric,oil_metric,lag_periods,lag_convention,correlation,p_value,n_obs
full,monthly_log_return,SP500_log_return_1m,WTI_log_return_1m,-18,positive = stock market leads oil; negative = oil leads stock market,-0.0429081766236666,0.6416950791638142,120
full,monthly_log_return,SP500_log_return_1m,WTI_log_return_1m,-17,positive = stock market leads oil; negative = oil leads stock market,-0.04635966728986922,0.6151051671042617,120
full,monthly_log_return,SP500_log_return_1m,WTI_log_return_1m,-16,positive = stock market leads oil; negative = oil leads stock market,0.028612084255290313,0.7563993230438406,120
full,monthly_log_return,SP500_log_return_1m,WTI_log_return_1m,-15,positive = stock market leads oil; negative = oil leads stock market,0.0506745148004528,0.5825563580398742,120
full,monthly_log_return,SP500_log_return_1m,WTI_log_return_1m,-14,positive = stock market leads oil; negative = oil leads stock market,-0.050232293419667486,0.5858554824636105,120
full,monthly_log_return,SP500_log_return_1m,WTI_log_return_1m,-13,positive = stock market leads oil; negative = oil leads stock market,-0.07174830958914008,0.4361322466708416,120
full,monthly_log_return,SP500_log_return_1m,WTI_log_return_1m,-12,positive = stock market leads oil; negative = oil leads stock market,-0.2297972649314519,0.011575136774959837,120
full,monthly_log_return,SP500_log_return_1m,WTI_log_return_1m,-11,positive = stock market leads oil; negative = oil leads stock market,-0.060783291874573576,0.5095821966013069,120
full,monthly_log_return,SP500_log_return_1m,WTI_log_return_1m,-10,positive = stock market leads oil; negative = oil leads stock market,0.038075600595256935,0.6796935406849316,120
full,monthly_log_return,SP500_log_return_1m,WTI_log_return_1m,-9,positive = stock market leads oil; negative = oil leads stock market,0.04047739480240672,0.6607003033574127,120
full,monthly_log_return,SP500_log_return_1m,WTI_log_return_1m,-8,positive = stock market leads oil; negative = oil leads stock market,-0.09102449973600418,0.32278987660300396,120
full,monthly_log_return,SP500_log_return_1m,WTI_log_return_1m,-7,positive = stock market leads oil; negative = oil leads stock market,-0.03883249432062173,0.6736856799207641,120
full,monthly_log_return,SP500_log_return_1m,WTI_log_return_1m,-6,positive = stock market leads oil; negative = oil leads stock market,0.034268730568621904,0.7102092509861109,120
full,monthly_log_return,SP500_log_return_1m,WTI_log_return_1m,-5,positive = stock market leads oil; negative = oil leads stock market,0.04068243497057825,0.6590885965245609,120
full,monthly_log_return,SP500_log_return_1m,WTI_log_return_1m,-4,positive = stock market leads oil; negative = oil leads stock market,-0.18703430077041247,0.04080555546310384,120
full,monthly_log_return,SP500_log_return_1m,WTI_log_return_1m,-3,positive = stock market leads oil; negative = oil leads stock market,-0.14475311768241453,0.11470040128500793,120
full,monthly_log_return,SP500_log_return_1m,WTI_log_return_1m,-2,positive = stock market leads oil; negative = oil leads stock market,-0.008988099379901214,0.9223840592244439,120
full,monthly_log_return,SP500_log_return_1m,WTI_log_return_1m,-1,positive = stock market leads oil; negative = oil leads stock market,0.08292179980571579,0.3679037076171227,120
full,monthly_log_return,SP500_log_return_1m,WTI_log_return_1m,0,positive = stock market leads oil; negative = oil leads stock market,0.32448472990325794,0.00031788406988663163,119
full,monthly_log_return,SP500_log_return_1m,WTI_log_return_1m,1,positive = stock market leads oil; negative = oil leads stock market,0.310798685524277,0.0006138061551471672,118
full,monthly_log_return,SP500_log_return_1m,WTI_log_return_1m,2,positive = stock market leads oil; negative = oil leads stock market,-0.13903374006518307,0.13491332696820948,117
full,monthly_log_return,SP500_log_return_1m,WTI_log_return_1m,3,positive = stock market leads oil; negative = oil leads stock market,-0.16251018250749713,0.08134426728754893,116
full,monthly_log_return,SP500_log_return_1m,WTI_log_return_1m,4,positive = stock market leads oil; negative = oil leads stock market,-0.08663370939505291,0.35724557461856743,115
full,monthly_log_return,SP500_log_return_1m,WTI_log_return_1m,5,positive = stock market leads oil; negative = oil leads stock market,-0.0002770805621177022,0.9976655470402946,114
full,monthly_log_return,SP500_log_return_1m,WTI_log_return_1m,6,positive = stock market leads oil; negative = oil leads stock market,0.15041239925774524,0.11179224098034257,113
full,monthly_log_return,SP500_log_return_1m,WTI_log_return_1m,7,positive = stock market leads oil; negative = oil leads stock market,0.15901263742995742,0.09400770587667896,112
full,monthly_log_return,SP500_log_return_1m,WTI_log_return_1m,8,positive = stock market leads oil; negative = oil leads stock market,0.15962572558397772,0.0942343491474026,111
full,monthly_log_return,SP500_log_return_1m,WTI_log_return_1m,9,positive = stock market leads oil; negative = oil leads stock market,-0.04249389917747011,0.6593666612254219,110
full,monthly_log_return,SP500_log_return_1m,WTI_log_return_1m,10,positive = stock market leads oil; negative = oil leads stock market,0.045150809973319064,0.6410783630893022,109
full,monthly_log_return,SP500_log_return_1m,WTI_log_return_1m,11,positive = stock market leads oil; negative = oil leads stock market,-0.08192443483697553,0.39928720001834905,108
full,monthly_log_return,SP500_log_return_1m,WTI_log_return_1m,12,positive = stock market leads oil; negative = oil leads stock market,-0.18202829431968823,0.060585429186881146,107
full,monthly_log_return,SP500_log_return_1m,WTI_log_return_1m,13,positive = stock market leads oil; negative = oil leads stock market,-0.04495734744371183,0.6472344080601872,106
full,monthly_log_return,SP500_log_return_1m,WTI_log_return_1m,14,positive = stock market leads oil; negative = oil leads stock market,-0.008639378791076773,0.9302985682986896,105
full,monthly_log_return,SP500_log_return_1m,WTI_log_return_1m,15,positive = stock market leads oil; negative = oil leads stock market,0.1288210610608596,0.19247853409269458,104
full,monthly_log_return,SP500_log_return_1m,WTI_log_return_1m,16,positive = stock market leads oil; negative = oil leads stock market,0.1629662867005087,0.10001985988945179,103
full,monthly_log_return,SP500_log_return_1m,WTI_log_return_1m,17,positive = stock market leads oil; negative = oil leads stock market,0.08925411243899437,0.37234206537494763,102
full,monthly_log_return,SP500_log_return_1m,WTI_log_return_1m,18,positive = stock market leads oil; negative = oil leads stock market,-0.013916816401690705,0.8901392232054816,101
full,monthly_log_return,SP500_log_return_1m,Brent_log_return_1m,-18,positive = stock market leads oil; negative = oil leads stock market,-0.06266165212530644,0.49656281129460905,120
full,monthly_log_return,SP500_log_return_1m,Brent_log_return_1m,-17,positive = stock market leads oil; negative = oil leads stock market,-0.05007574754024659,0.5870254167794615,120
full,monthly_log_return,SP500_log_return_1m,Brent_log_return_1m,-16,positive = stock market leads oil; negative = oil leads stock market,0.027962701432894945,0.7617609571305624,120
full,monthly_log_return,SP500_log_return_1m,Brent_log_return_1m,-15,positive = stock market leads oil; negative = oil leads stock market,0.02589484660140106,0.778908427365907,120
full,monthly_log_return,SP500_log_return_1m,Brent_log_return_1m,-14,positive = stock market leads oil; negative = oil leads stock market,-0.08325751399101257,0.36596092209088876,120
full,monthly_log_return,SP500_log_return_1m,Brent_log_return_1m,-13,positive = stock market leads oil; negative = oil leads stock market,-0.0690338954423185,0.45373216122683163,120
full,monthly_log_return,SP500_log_return_1m,Brent_log_return_1m,-12,positive = stock market leads oil; negative = oil leads stock market,-0.2135273739126622,0.01919785865010652,120
full,monthly_log_return,SP500_log_return_1m,Brent_log_return_1m,-11,positive = stock market leads oil; negative = oil leads stock market,-0.045935477339021966,0.618347228426549,120
full,monthly_log_return,SP500_log_return_1m,Brent_log_return_1m,-10,positive = stock market leads oil; negative = oil leads stock market,0.03420968801204506,0.7106863176132682,120
full,monthly_log_return,SP500_log_return_1m,Brent_log_return_1m,-9,positive = stock market leads oil; negative = oil leads stock market,0.033247085390353766,0.7184798580862632,120
full,monthly_log_return,SP500_log_return_1m,Brent_log_return_1m,-8,positive = stock market leads oil; negative = oil leads stock market,-0.07319856444135589,0.42689054925197156,120
full,monthly_log_return,SP500_log_return_1m,Brent_log_return_1m,-7,positive = stock market leads oil; negative = oil leads stock market,-0.045756639309255095,0.6197162841379832,120
full,monthly_log_return,SP500_log_return_1m,Brent_log_return_1m,-6,positive = stock market leads oil; negative = oil leads stock market,0.016864722338058958,0.8549368454219802,120
full,monthly_log_return,SP500_log_return_1m,Brent_log_return_1m,-5,positive = stock market leads oil; negative = oil leads stock market,0.058318916593013276,0.526927126156271,120
full,monthly_log_return,SP500_log_return_1m,Brent_log_return_1m,-4,positive = stock market leads oil; negative = oil leads stock market,-0.18309698136686267,0.04531825248824604,120
full,monthly_log_return,SP500_log_return_1m,Brent_log_return_1m,-3,positive = stock market leads oil; negative = oil leads stock market,-0.17437262265017128,0.05680831730864125,120
full,monthly_log_return,SP500_log_return_1m,Brent_log_return_1m,-2,positive = stock market leads oil; negative = oil leads stock market,-0.008753186691384413,0.9244065435158401,120
full,monthly_log_return,SP500_log_return_1m,Brent_log_return_1m,-1,positive = stock market leads oil; negative = oil leads stock market,0.09837604590296395,0.2850826172724441,120
full,monthly_log_return,SP500_log_return_1m,Brent_log_return_1m,0,positive = stock market leads oil; negative = oil leads stock market,0.2976520352410576,0.0010105468571665183,119
full,monthly_log_return,SP500_log_return_1m,Brent_log_return_1m,1,positive = stock market leads oil; negative = oil leads stock market,0.27118179300323364,0.0029751093854940764,118
full,monthly_log_return,SP500_log_return_1m,Brent_log_return_1m,2,positive = stock market leads oil; negative = oil leads stock market,-0.1110476648162392,0.233277620419733,117
full,monthly_log_return,SP500_log_return_1m,Brent_log_return_1m,3,positive = stock market leads oil; negative = oil leads stock market,-0.14131668382105955,0.13024189625863974,116
full,monthly_log_return,SP500_log_return_1m,Brent_log_return_1m,4,positive = stock market leads oil; negative = oil leads stock market,-0.09350735526752735,0.320232555784404,115
full,monthly_log_return,SP500_log_return_1m,Brent_log_return_1m,5,positive = stock market leads oil; negative = oil leads stock market,-0.017499962844990172,0.8533832189345024,114
full,monthly_log_return,SP500_log_return_1m,Brent_log_return_1m,6,positive = stock market leads oil; negative = oil leads stock market,0.1565375851940338,0.09777452793347201,113
full,monthly_log_return,SP500_log_return_1m,Brent_log_return_1m,7,positive = stock market leads oil; negative = oil leads stock market,0.18753336138163854,0.04770291763014536,112
full,monthly_log_return,SP500_log_return_1m,Brent_log_return_1m,8,positive = stock market leads oil; negative = oil leads stock market,0.15611057813421134,0.10180684974928236,111
full,monthly_log_return,SP500_log_return_1m,Brent_log_return_1m,9,positive = stock market leads oil; negative = oil leads stock market,-0.04873391633941331,0.6131463536453424,110
full,monthly_log_return,SP500_log_return_1m,Brent_log_return_1m,10,positive = stock market leads oil; negative = oil leads stock market,0.03469877981702959,0.7201956780125838,109
full,monthly_log_return,SP500_log_return_1m,Brent_log_return_1m,11,positive = stock market leads oil; negative = oil leads stock market,-0.09122990919303975,0.3477220502286202,108
full,monthly_log_return,SP500_log_return_1m,Brent_log_return_1m,12,positive = stock market leads oil; negative = oil leads stock market,-0.199144232193906,0.03974259778640541,107
full,monthly_log_return,SP500_log_return_1m,Brent_log_return_1m,13,positive = stock market leads oil; negative = oil leads stock market,-0.05254795595270576,0.592671030107867,106
full,monthly_log_return,SP500_log_return_1m,Brent_log_return_1m,14,positive = stock market leads oil; negative = oil leads stock market,0.015622898514009134,0.8743146528311583,105
full,monthly_log_return,SP500_log_return_1m,Brent_log_return_1m,15,positive = stock market leads oil; negative = oil leads stock market,0.14858566839923376,0.13223724818533614,104
full,monthly_log_return,SP500_log_return_1m,Brent_log_return_1m,16,positive = stock market leads oil; negative = oil leads stock market,0.16807584463706032,0.08968511160525214,103
full,monthly_log_return,SP500_log_return_1m,Brent_log_return_1m,17,positive = stock market leads oil; negative = oil leads stock market,0.09762172351177219,0.32900806264607857,102
full,monthly_log_return,SP500_log_return_1m,Brent_log_return_1m,18,positive = stock market leads oil; negative = oil leads stock market,-0.017492127465312333,0.8621650407481498,101
full,quarterly_return,SP500_quarterly_return,WTI_quarterly_return,-6,positive = stock market leads oil; negative = oil leads stock market,-0.07901330006239712,0.623387699750334,41
full,quarterly_return,SP500_quarterly_return,WTI_quarterly_return,-5,positive = stock market leads oil; negative = oil leads stock market,0.023533583411452695,0.8838831265971739,41
full,quarterly_return,SP500_quarterly_return,WTI_quarterly_return,-4,positive = stock market leads oil; negative = oil leads stock market,-0.17920486514221018,0.2622495492588203,41
full,quarterly_return,SP500_quarterly_return,WTI_quarterly_return,-3,positive = stock market leads oil; negative = oil leads stock market,0.07182659161949279,0.6554031178666249,41
full,quarterly_return,SP500_quarterly_return,WTI_quarterly_return,-2,positive = stock market leads oil; negative = oil leads stock market,0.11728966446102064,0.4651938466680732,41
full,quarterly_return,SP500_quarterly_return,WTI_quarterly_return,-1,positive = stock market leads oil; negative = oil leads stock market,-0.10128080193788777,0.5286412526896592,41
full,quarterly_return,SP500_quarterly_return,WTI_quarterly_return,0,positive = stock market leads oil; negative = oil leads stock market,0.3467764383868965,0.028366021495216363,40
full,quarterly_return,SP500_quarterly_return,WTI_quarterly_return,1,positive = stock market leads oil; negative = oil leads stock market,-0.45714576231964243,0.0034363648536258158,39
full,quarterly_return,SP500_quarterly_return,WTI_quarterly_return,2,positive = stock market leads oil; negative = oil leads stock market,0.22749336557440908,0.16956412757144887,38
full,quarterly_return,SP500_quarterly_return,WTI_quarterly_return,3,positive = stock market leads oil; negative = oil leads stock market,0.08692737041458878,0.6089447133683717,37
full,quarterly_return,SP500_quarterly_return,WTI_quarterly_return,4,positive = stock market leads oil; negative = oil leads stock market,-0.25239908772622194,0.13751363901861918,36
full,quarterly_return,SP500_quarterly_return,WTI_quarterly_return,5,positive = stock market leads oil; negative = oil leads stock market,0.20948348208018613,0.22713633076540685,35
full,quarterly_return,SP500_quarterly_return,WTI_quarterly_return,6,positive = stock market leads oil; negative = oil leads stock market,-0.24004776918270637,0.17148644758118614,34
full,quarterly_return,SP500_quarterly_return,Brent_quarterly_return,-6,positive = stock market leads oil; negative = oil leads stock market,-0.12199337524811125,0.4473583555459193,41
full,quarterly_return,SP500_quarterly_return,Brent_quarterly_return,-5,positive = stock market leads oil; negative = oil leads stock market,-0.002971560218688795,0.9852887485579024,41
full,quarterly_return,SP500_quarterly_return,Brent_quarterly_return,-4,positive = stock market leads oil; negative = oil leads stock market,-0.1617155490825904,0.3124327350470268,41
full,quarterly_return,SP500_quarterly_return,Brent_quarterly_return,-3,positive = stock market leads oil; negative = oil leads stock market,0.07077543741344111,0.6601390401597861,41
full,quarterly_return,SP500_quarterly_return,Brent_quarterly_return,-2,positive = stock market leads oil; negative = oil leads stock market,0.10838848130197,0.4999594899681848,41
full,quarterly_return,SP500_quarterly_return,Brent_quarterly_return,-1,positive = stock market leads oil; negative = oil leads stock market,-0.1350679103390714,0.3997998336688554,41
full,quarterly_return,SP500_quarterly_return,Brent_quarterly_return,0,positive = stock market leads oil; negative = oil leads stock market,0.31124577765468736,0.050590945531800054,40
full,quarterly_return,SP500_quarterly_return,Brent_quarterly_return,1,positive = stock market leads oil; negative = oil leads stock market,-0.4064060694356749,0.010249347061743231,39
full,quarterly_return,SP500_quarterly_return,Brent_quarterly_return,2,positive = stock market leads oil; negative = oil leads stock market,0.23671067052437808,0.15246875999522727,38
full,quarterly_return,SP500_quarterly_return,Brent_quarterly_return,3,positive = stock market leads oil; negative = oil leads stock market,0.07960247169659526,0.6395498615580663,37
full,quarterly_return,SP500_quarterly_return,Brent_quarterly_return,4,positive = stock market leads oil; negative = oil leads stock market,-0.28114226742073395,0.09671045637968018,36
full,quarterly_return,SP500_quarterly_return,Brent_quarterly_return,5,positive = stock market leads oil; negative = oil leads stock market,0.23406273201604932,0.17594996355942438,35
full,quarterly_return,SP500_quarterly_return,Brent_quarterly_return,6,positive = stock market leads oil; negative = oil leads stock market,-0.22677321382728635,0.19714678280414244,34
normal_period,monthly_log_return,SP500_log_return_1m,WTI_log_return_1m,-18,positive = stock market leads oil; negative = oil leads stock market,0.12898232149851074,0.3479794958266355,55
normal_period,monthly_log_return,SP500_log_return_1m,WTI_log_return_1m,-17,positive = stock market leads oil; negative = oil leads stock market,0.011702734170756188,0.9324210332187579,55
normal_period,monthly_log_return,SP500_log_return_1m,WTI_log_return_1m,-16,positive = stock market leads oil; negative = oil leads stock market,-0.07874740264676386,0.5676736011130671,55
normal_period,monthly_log_return,SP500_log_return_1m,WTI_log_return_1m,-15,positive = stock market leads oil; negative = oil leads stock market,-0.1663757163786773,0.22474105317109083,55
normal_period,monthly_log_return,SP500_log_return_1m,WTI_log_return_1m,-14,positive = stock market leads oil; negative = oil leads stock market,-0.06605363646620876,0.631839715274499,55
normal_period,monthly_log_return,SP500_log_return_1m,WTI_log_return_1m,-13,positive = stock market leads oil; negative = oil leads stock market,-0.12715950447609803,0.3548917551068041,55
normal_period,monthly_log_return,SP500_log_return_1m,WTI_log_return_1m,-12,positive = stock market leads oil; negative = oil leads stock market,-0.1237535064886725,0.3680312869404446,55
normal_period,monthly_log_return,SP500_log_return_1m,WTI_log_return_1m,-11,positive = stock market leads oil; negative = oil leads stock market,0.07945793502386557,0.5641733466159768,55
normal_period,monthly_log_return,SP500_log_return_1m,WTI_log_return_1m,-10,positive = stock market leads oil; negative = oil leads stock market,0.10266557698892989,0.4557433721805725,55
normal_period,monthly_log_return,SP500_log_return_1m,WTI_log_return_1m,-9,positive = stock market leads oil; negative = oil leads stock market,-0.11572521522150121,0.4001460812443705,55
normal_period,monthly_log_return,SP500_log_return_1m,WTI_log_return_1m,-8,positive = stock market leads oil; negative = oil leads stock market,-0.10021328705440602,0.46663397772631776,55
normal_period,monthly_log_return,SP500_log_return_1m,WTI_log_return_1m,-7,positive = stock market leads oil; negative = oil leads stock market,0.01883361387267344,0.8914436416819838,55
normal_period,monthly_log_return,SP500_log_return_1m,WTI_log_return_1m,-6,positive = stock market leads oil; negative = oil leads stock market,0.07257469471699242,0.5984984296508871,55
normal_period,monthly_log_return,SP500_log_return_1m,WTI_log_return_1m,-5,positive = stock market leads oil; negative = oil leads stock market,-0.04274791421340965,0.7566469209965295,55
normal_period,monthly_log_return,SP500_log_return_1m,WTI_log_return_1m,-4,positive = stock market leads oil; negative = oil leads stock market,0.031452737865030174,0.8196785905455374,55
normal_period,monthly_log_return,SP500_log_return_1m,WTI_log_return_1m,-3,positive = stock market leads oil; negative = oil leads stock market,-0.1434028212160916,0.2962602944238929,55
normal_period,monthly_log_return,SP500_log_return_1m,WTI_log_return_1m,-2,positive = stock market leads oil; negative = oil leads stock market,0.06560391813291026,0.6341671372620821,55
normal_period,monthly_log_return,SP500_log_return_1m,WTI_log_return_1m,-1,positive = stock market leads oil; negative = oil leads stock market,0.14934776047215728,0.27647597278605984,55
normal_period,monthly_log_return,SP500_log_return_1m,WTI_log_return_1m,0,positive = stock market leads oil; negative = oil leads stock market,0.21998564681890398,0.10995820672026706,54
normal_period,monthly_log_return,SP500_log_return_1m,WTI_log_return_1m,1,positive = stock market leads oil; negative = oil leads stock market,0.09558714878740693,0.4959645594186408,53
normal_period,monthly_log_return,SP500_log_return_1m,WTI_log_return_1m,2,positive = stock market leads oil; negative = oil leads stock market,-0.0943068221645694,0.5060446172227987,52
normal_period,monthly_log_return,SP500_log_return_1m,WTI_log_return_1m,3,positive = stock market leads oil; negative = oil leads stock market,-0.15671004317007242,0.27212105070602477,51
normal_period,monthly_log_return,SP500_log_return_1m,WTI_log_return_1m,4,positive = stock market leads oil; negative = oil leads stock market,-0.11738869871133631,0.4168597001484173,50
normal_period,monthly_log_return,SP500_log_return_1m,WTI_log_return_1m,5,positive = stock market leads oil; negative = oil leads stock market,-0.027766238245845933,0.8497930017036129,49
normal_period,monthly_log_return,SP500_log_return_1m,WTI_log_return_1m,6,positive = stock market leads oil; negative = oil leads stock market,0.031024866868277396,0.8341898818764326,48
normal_period,monthly_log_return,SP500_log_return_1m,WTI_log_return_1m,7,positive = stock market leads oil; negative = oil leads stock market,0.16771506399935918,0.2598104312566421,47
normal_period,monthly_log_return,SP500_log_return_1m,WTI_log_return_1m,8,positive = stock market leads oil; negative = oil leads stock market,0.26867715761282324,0.07100171297483675,46
normal_period,monthly_log_return,SP500_log_return_1m,WTI_log_return_1m,9,positive = stock market leads oil; negative = oil leads stock market,0.176801958809667,0.24530487473145185,45
normal_period,monthly_log_return,SP500_log_return_1m,WTI_log_return_1m,10,positive = stock market leads oil; negative = oil leads stock market,0.13002485649545384,0.40021496407622464,44
normal_period,monthly_log_return,SP500_log_return_1m,WTI_log_return_1m,11,positive = stock market leads oil; negative = oil leads stock market,-0.3562836298335386,0.019027243479484403,43
normal_period,monthly_log_return,SP500_log_return_1m,WTI_log_return_1m,12,positive = stock market leads oil; negative = oil leads stock market,-0.3496302024176619,0.023229381528307204,42
normal_period,monthly_log_return,SP500_log_return_1m,WTI_log_return_1m,13,positive = stock market leads oil; negative = oil leads stock market,-0.2523535983342321,0.11143776562058355,41
normal_period,monthly_log_return,SP500_log_return_1m,WTI_log_return_1m,14,positive = stock market leads oil; negative = oil leads stock market,-0.06324961886397096,0.6982161974594052,40
normal_period,monthly_log_return,SP500_log_return_1m,WTI_log_return_1m,15,positive = stock market leads oil; negative = oil leads stock market,0.11159596565656472,0.49881241436295726,39
normal_period,monthly_log_return,SP500_log_return_1m,WTI_log_return_1m,16,positive = stock market leads oil; negative = oil leads stock market,0.07658423897228411,0.6476719793305109,38
normal_period,monthly_log_return,SP500_log_return_1m,WTI_log_return_1m,17,positive = stock market leads oil; negative = oil leads stock market,-0.04448130236461201,0.7937748811834284,37
normal_period,monthly_log_return,SP500_log_return_1m,WTI_log_return_1m,18,positive = stock market leads oil; negative = oil leads stock market,0.1657407678785702,0.33401797596297056,36
normal_period,monthly_log_return,SP500_log_return_1m,Brent_log_return_1m,-18,positive = stock market leads oil; negative = oil leads stock market,0.1540701170299829,0.2613985850130404,55
normal_period,monthly_log_return,SP500_log_return_1m,Brent_log_return_1m,-17,positive = stock market leads oil; negative = oil leads stock market,0.10918748971100783,0.4274669950145219,55
normal_period,monthly_log_return,SP500_log_return_1m,Brent_log_return_1m,-16,positive = stock market leads oil; negative = oil leads stock market,-0.1316246788801647,0.3381082635286054,55
normal_period,monthly_log_return,SP500_log_return_1m,Brent_log_return_1m,-15,positive = stock market leads oil; negative = oil leads stock market,-0.12751190437774673,0.3535489057778519,55
normal_period,monthly_log_return,SP500_log_return_1m,Brent_log_return_1m,-14,positive = stock market leads oil; negative = oil leads stock market,-0.12697149116250422,0.3556094732402488,55
normal_period,monthly_log_return,SP500_log_return_1m,Brent_log_return_1m,-13,positive = stock market leads oil; negative = oil leads stock market,-0.1150304577074788,0.40300004356192975,55
normal_period,monthly_log_return,SP500_log_return_1m,Brent_log_return_1m,-12,positive = stock market leads oil; negative = oil leads stock market,-0.188124433871224,0.16899540401435556,55
normal_period,monthly_log_return,SP500_log_return_1m,Brent_log_return_1m,-11,positive = stock market leads oil; negative = oil leads stock market,0.08691637962409011,0.5280539372446158,55
normal_period,monthly_log_return,SP500_log_return_1m,Brent_log_return_1m,-10,positive = stock market leads oil; negative = oil leads stock market,0.22200075774158043,0.10331635032905621,55
normal_period,monthly_log_return,SP500_log_return_1m,Brent_log_return_1m,-9,positive = stock market leads oil; negative = oil leads stock market,-0.05970068300705804,0.6650371746482594,55
normal_period,monthly_log_return,SP500_log_return_1m,Brent_log_return_1m,-8,positive = stock market leads oil; negative = oil leads stock market,-0.13129227732185264,0.3393403391303293,55
normal_period,monthly_log_return,SP500_log_return_1m,Brent_log_return_1m,-7,positive = stock market leads oil; negative = oil leads stock market,-0.035808525780750416,0.7952134815732496,55
normal_period,monthly_log_return,SP500_log_return_1m,Brent_log_return_1m,-6,positive = stock market leads oil; negative = oil leads stock market,0.02794608307225361,0.839500207069987,55
normal_period,monthly_log_return,SP500_log_return_1m,Brent_log_return_1m,-5,positive = stock market leads oil; negative = oil leads stock market,-0.023868516267870805,0.8626730981091131,55
normal_period,monthly_log_return,SP500_log_return_1m,Brent_log_return_1m,-4,positive = stock market leads oil; negative = oil leads stock market,0.03504529567980144,0.7994869113741367,55
normal_period,monthly_log_return,SP500_log_return_1m,Brent_log_return_1m,-3,positive = stock market leads oil; negative = oil leads stock market,-0.16366695062543887,0.23248637851966125,55
normal_period,monthly_log_return,SP500_log_return_1m,Brent_log_return_1m,-2,positive = stock market leads oil; negative = oil leads stock market,0.07639530894067602,0.5793320413555721,55
normal_period,monthly_log_return,SP500_log_return_1m,Brent_log_return_1m,-1,positive = stock market leads oil; negative = oil leads stock market,0.15692857547526773,0.2525455883758151,55
normal_period,monthly_log_return,SP500_log_return_1m,Brent_log_return_1m,0,positive = stock market leads oil; negative = oil leads stock market,0.11714354455719328,0.39889669272348904,54
normal_period,monthly_log_return,SP500_log_return_1m,Brent_log_return_1m,1,positive = stock market leads oil; negative = oil leads stock market,0.029058054679097278,0.8363652025364031,53
normal_period,monthly_log_return,SP500_log_return_1m,Brent_log_return_1m,2,positive = stock market leads oil; negative = oil leads stock market,-0.06924458735347258,0.625707248041235,52
normal_period,monthly_log_return,SP500_log_return_1m,Brent_log_return_1m,3,positive = stock market leads oil; negative = oil leads stock market,-0.07095476921214827,0.6207549609646072,51
normal_period,monthly_log_return,SP500_log_return_1m,Brent_log_return_1m,4,positive = stock market leads oil; negative = oil leads stock market,-0.08342425056296822,0.5646260984906355,50
normal_period,monthly_log_return,SP500_log_return_1m,Brent_log_return_1m,5,positive = stock market leads oil; negative = oil leads stock market,-0.05745996053088242,0.6949395536263893,49
normal_period,monthly_log_return,SP500_log_return_1m,Brent_log_return_1m,6,positive = stock market leads oil; negative = oil leads stock market,-0.00841696848887796,0.954721818060135,48
normal_period,monthly_log_return,SP500_log_return_1m,Brent_log_return_1m,7,positive = stock market leads oil; negative = oil leads stock market,0.17342085372627752,0.24371248524076186,47
normal_period,monthly_log_return,SP500_log_return_1m,Brent_log_return_1m,8,positive = stock market leads oil; negative = oil leads stock market,0.273393503633528,0.06600147745354892,46
normal_period,monthly_log_return,SP500_log_return_1m,Brent_log_return_1m,9,positive = stock market leads oil; negative = oil leads stock market,0.1944619453704069,0.20053030599400018,45
normal_period,monthly_log_return,SP500_log_return_1m,Brent_log_return_1m,10,positive = stock market leads oil; negative = oil leads stock market,0.09449369451261481,0.541780074396986,44
normal_period,monthly_log_return,SP500_log_return_1m,Brent_log_return_1m,11,positive = stock market leads oil; negative = oil leads stock market,-0.371998706636825,0.014035806504980345,43
normal_period,monthly_log_return,SP500_log_return_1m,Brent_log_return_1m,12,positive = stock market leads oil; negative = oil leads stock market,-0.4330387729284972,0.004176809312611627,42
normal_period,monthly_log_return,SP500_log_return_1m,Brent_log_return_1m,13,positive = stock market leads oil; negative = oil leads stock market,-0.23427995469614504,0.14039038395698272,41
normal_period,monthly_log_return,SP500_log_return_1m,Brent_log_return_1m,14,positive = stock market leads oil; negative = oil leads stock market,0.022827949185982244,0.8888049468614799,40
normal_period,monthly_log_return,SP500_log_return_1m,Brent_log_return_1m,15,positive = stock market leads oil; negative = oil leads stock market,0.12282356305837623,0.45632950866387473,39
normal_period,monthly_log_return,SP500_log_return_1m,Brent_log_return_1m,16,positive = stock market leads oil; negative = oil leads stock market,0.15341954291449555,0.35777687404542985,38
normal_period,monthly_log_return,SP500_log_return_1m,Brent_log_return_1m,17,positive = stock market leads oil; negative = oil leads stock market,0.036063540871629246,0.8321807204215763,37
normal_period,monthly_log_return,SP500_log_return_1m,Brent_log_return_1m,18,positive = stock market leads oil; negative = oil leads stock market,0.13869356173328196,0.4198377268010128,36
normal_period,quarterly_return,SP500_quarterly_return,WTI_quarterly_return,-6,positive = stock market leads oil; negative = oil leads stock market,0.041905809248125696,0.8647455926607687,19
normal_period,quarterly_return,SP500_quarterly_return,WTI_quarterly_return,-5,positive = stock market leads oil; negative = oil leads stock market,-0.17105170709437353,0.48382340923395795,19
normal_period,quarterly_return,SP500_quarterly_return,WTI_quarterly_return,-4,positive = stock market leads oil; negative = oil leads stock market,-0.1173611505031818,0.6322978563990798,19
normal_period,quarterly_return,SP500_quarterly_return,WTI_quarterly_return,-3,positive = stock market leads oil; negative = oil leads stock market,-0.08673458920974102,0.7240381296149133,19
normal_period,quarterly_return,SP500_quarterly_return,WTI_quarterly_return,-2,positive = stock market leads oil; negative = oil leads stock market,-0.0650820268600989,0.7912351341521937,19
normal_period,quarterly_return,SP500_quarterly_return,WTI_quarterly_return,-1,positive = stock market leads oil; negative = oil leads stock market,0.1339022683145756,0.5847131906081625,19
normal_period,quarterly_return,SP500_quarterly_return,WTI_quarterly_return,0,positive = stock market leads oil; negative = oil leads stock market,0.16300009858548656,0.5181187368587459,18
normal_period,quarterly_return,SP500_quarterly_return,WTI_quarterly_return,1,positive = stock market leads oil; negative = oil leads stock market,-0.28642314002304353,0.2650410309821983,17
normal_period,quarterly_return,SP500_quarterly_return,WTI_quarterly_return,2,positive = stock market leads oil; negative = oil leads stock market,0.07323842359437321,0.7875054015800372,16
normal_period,quarterly_return,SP500_quarterly_return,WTI_quarterly_return,3,positive = stock market leads oil; negative = oil leads stock market,0.44180211462846747,0.09919307454103646,15
normal_period,quarterly_return,SP500_quarterly_return,WTI_quarterly_return,4,positive = stock market leads oil; negative = oil leads stock market,-0.5327838537900998,0.049810539892768825,14
normal_period,quarterly_return,SP500_quarterly_return,WTI_quarterly_return,5,positive = stock market leads oil; negative = oil leads stock market,0.16142621301082555,0.5982896271128507,13
normal_period,quarterly_return,SP500_quarterly_return,WTI_quarterly_return,6,positive = stock market leads oil; negative = oil leads stock market,-0.025043837290582707,0.9384201922900766,12
normal_period,quarterly_return,SP500_quarterly_return,Brent_quarterly_return,-6,positive = stock market leads oil; negative = oil leads stock market,0.13654728219764872,0.5772470486547634,19
normal_period,quarterly_return,SP500_quarterly_return,Brent_quarterly_return,-5,positive = stock market leads oil; negative = oil leads stock market,-0.19061982774802377,0.43439529910010927,19
normal_period,quarterly_return,SP500_quarterly_return,Brent_quarterly_return,-4,positive = stock market leads oil; negative = oil leads stock market,-0.21904869448467731,0.3675871101082832,19
normal_period,quarterly_return,SP500_quarterly_return,Brent_quarterly_return,-3,positive = stock market leads oil; negative = oil leads stock market,0.01111139994579555,0.9639905697633905,19
normal_period,quarterly_return,SP500_quarterly_return,Brent_quarterly_return,-2,positive = stock market leads oil; negative = oil leads stock market,-0.04290440393308019,0.8615517896224381,19
normal_period,quarterly_return,SP500_quarterly_return,Brent_quarterly_return,-1,positive = stock market leads oil; negative = oil leads stock market,0.08298570362482263,0.7355498277678739,19
normal_period,quarterly_return,SP500_quarterly_return,Brent_quarterly_return,0,positive = stock market leads oil; negative = oil leads stock market,0.07843765887237703,0.757041024977373,18
normal_period,quarterly_return,SP500_quarterly_return,Brent_quarterly_return,1,positive = stock market leads oil; negative = oil leads stock market,-0.1773083575461692,0.49599686263131304,17
normal_period,quarterly_return,SP500_quarterly_return,Brent_quarterly_return,2,positive = stock market leads oil; negative = oil leads stock market,0.013024069281852449,0.961818344903164,16
normal_period,quarterly_return,SP500_quarterly_return,Brent_quarterly_return,3,positive = stock market leads oil; negative = oil leads stock market,0.4498173754942916,0.09250593159011938,15
normal_period,quarterly_return,SP500_quarterly_return,Brent_quarterly_return,4,positive = stock market leads oil; negative = oil leads stock market,-0.6124147783578278,0.019904807353656014,14
normal_period,quarterly_return,SP500_quarterly_return,Brent_quarterly_return,5,positive = stock market leads oil; negative = oil leads stock market,0.22239516801464776,0.46521600131141044,13
normal_period,quarterly_return,SP500_quarterly_return,Brent_quarterly_return,6,positive = stock market leads oil; negative = oil leads stock market,-0.010771958612100306,0.9734949839918539,12
shock_periods,monthly_log_return,SP500_log_return_1m,WTI_log_return_1m,-18,positive = stock market leads oil; negative = oil leads stock market,0.05221831146650559,0.6795254250953027,65
shock_periods,monthly_log_return,SP500_log_return_1m,WTI_log_return_1m,-17,positive = stock market leads oil; negative = oil leads stock market,-0.0975816699039049,0.4393379443851882,65
shock_periods,monthly_log_return,SP500_log_return_1m,WTI_log_return_1m,-16,positive = stock market leads oil; negative = oil leads stock market,-0.06673669480351996,0.597361911111184,65
shock_periods,monthly_log_return,SP500_log_return_1m,WTI_log_return_1m,-15,positive = stock market leads oil; negative = oil leads stock market,-0.14014418410298893,0.2655105062377365,65
shock_periods,monthly_log_return,SP500_log_return_1m,WTI_log_return_1m,-14,positive = stock market leads oil; negative = oil leads stock market,-0.02515664770503943,0.8423288733013461,65
shock_periods,monthly_log_return,SP500_log_return_1m,WTI_log_return_1m,-13,positive = stock market leads oil; negative = oil leads stock market,-0.017566386138955444,0.8895391061202484,65
shock_periods,monthly_log_return,SP500_log_return_1m,WTI_log_return_1m,-12,positive = stock market leads oil; negative = oil leads stock market,-0.12888633443098815,0.30620001483102094,65
shock_periods,monthly_log_return,SP500_log_return_1m,WTI_log_return_1m,-11,positive = stock market leads oil; negative = oil leads stock market,-0.038347193089296815,0.7616782243594826,65
shock_periods,monthly_log_return,SP500_log_return_1m,WTI_log_return_1m,-10,positive = stock market leads oil; negative = oil leads stock market,0.05092365988642543,0.687054868281106,65
shock_periods,monthly_log_return,SP500_log_return_1m,WTI_log_return_1m,-9,positive = stock market leads oil; negative = oil leads stock market,0.04332704726480338,0.7318264221542573,65
shock_periods,monthly_log_return,SP500_log_return_1m,WTI_log_return_1m,-8,positive = stock market leads oil; negative = oil leads stock market,-0.07767965077442429,0.538520321984513,65
shock_periods,monthly_log_return,SP500_log_return_1m,WTI_log_return_1m,-7,positive = stock market leads oil; negative = oil leads stock market,-0.07652082788527942,0.5446146821693615,65
shock_periods,monthly_log_return,SP500_log_return_1m,WTI_log_return_1m,-6,positive = stock market leads oil; negative = oil leads stock market,0.04621400222481825,0.7146970276463563,65
shock_periods,monthly_log_return,SP500_log_return_1m,WTI_log_return_1m,-5,positive = stock market leads oil; negative = oil leads stock market,0.024828839873124776,0.8443576288013437,65
shock_periods,monthly_log_return,SP500_log_return_1m,WTI_log_return_1m,-4,positive = stock market leads oil; negative = oil leads stock market,-0.2806873849061641,0.02352471794744743,65
shock_periods,monthly_log_return,SP500_log_return_1m,WTI_log_return_1m,-3,positive = stock market leads oil; negative = oil leads stock market,-0.09964675048553452,0.4296690333906938,65
shock_periods,monthly_log_return,SP500_log_return_1m,WTI_log_return_1m,-2,positive = stock market leads oil; negative = oil leads stock market,-0.03142527850292519,0.8037444239189938,65
shock_periods,monthly_log_return,SP500_log_return_1m,WTI_log_return_1m,-1,positive = stock market leads oil; negative = oil leads stock market,0.0665164061863202,0.5985751545093202,65
shock_periods,monthly_log_return,SP500_log_return_1m,WTI_log_return_1m,0,positive = stock market leads oil; negative = oil leads stock market,0.3647736882488146,0.002812598334973147,65
shock_periods,monthly_log_return,SP500_log_return_1m,WTI_log_return_1m,1,positive = stock market leads oil; negative = oil leads stock market,0.38704220482088536,0.0015807852808326936,64
shock_periods,monthly_log_return,SP500_log_return_1m,WTI_log_return_1m,2,positive = stock market leads oil; negative = oil leads stock market,-0.15741310157863195,0.21790929230436903,63
shock_periods,monthly_log_return,SP500_log_return_1m,WTI_log_return_1m,3,positive = stock market leads oil; negative = oil leads stock market,-0.17380056812899236,0.17670705124288347,62
shock_periods,monthly_log_return,SP500_log_return_1m,WTI_log_return_1m,4,positive = stock market leads oil; negative = oil leads stock market,-0.051442194935466826,0.6937838090484385,61
shock_periods,monthly_log_return,SP500_log_return_1m,WTI_log_return_1m,5,positive = stock market leads oil; negative = oil leads stock market,0.029848682491176365,0.8208952806527073,60
shock_periods,monthly_log_return,SP500_log_return_1m,WTI_log_return_1m,6,positive = stock market leads oil; negative = oil leads stock market,0.1346234565943697,0.30935596426660555,59
shock_periods,monthly_log_return,SP500_log_return_1m,WTI_log_return_1m,7,positive = stock market leads oil; negative = oil leads stock market,0.14986629345396615,0.2614980059072146,58
shock_periods,monthly_log_return,SP500_log_return_1m,WTI_log_return_1m,8,positive = stock market leads oil; negative = oil leads stock market,0.10439678731685322,0.43962185110098945,57
shock_periods,monthly_log_return,SP500_log_return_1m,WTI_log_return_1m,9,positive = stock market leads oil; negative = oil leads stock market,-0.03497072270707933,0.7980490976483139,56
shock_periods,monthly_log_return,SP500_log_return_1m,WTI_log_return_1m,10,positive = stock market leads oil; negative = oil leads stock market,-0.04039123693148411,0.7696837311570628,55
shock_periods,monthly_log_return,SP500_log_return_1m,WTI_log_return_1m,11,positive = stock market leads oil; negative = oil leads stock market,-0.007169441950490199,0.9589651109653181,54
shock_periods,monthly_log_return,SP500_log_return_1m,WTI_log_return_1m,12,positive = stock market leads oil; negative = oil leads stock market,-0.0015154448378767427,0.9914073251394822,53
shock_periods,monthly_log_return,SP500_log_return_1m,WTI_log_return_1m,13,positive = stock market leads oil; negative = oil leads stock market,0.013403296793608206,0.9248651310686621,52
shock_periods,monthly_log_return,SP500_log_return_1m,WTI_log_return_1m,14,positive = stock market leads oil; negative = oil leads stock market,-0.00809302555948346,0.9550519763059122,51
shock_periods,monthly_log_return,SP500_log_return_1m,WTI_log_return_1m,15,positive = stock market leads oil; negative = oil leads stock market,-0.0738098087049876,0.6104654193944414,50
shock_periods,monthly_log_return,SP500_log_return_1m,WTI_log_return_1m,16,positive = stock market leads oil; negative = oil leads stock market,-0.06260891623078413,0.6691111192836594,49
shock_periods,monthly_log_return,SP500_log_return_1m,WTI_log_return_1m,17,positive = stock market leads oil; negative = oil leads stock market,0.1801555963837264,0.22045884814304134,48
shock_periods,monthly_log_return,SP500_log_return_1m,WTI_log_return_1m,18,positive = stock market leads oil; negative = oil leads stock market,0.07976260743823486,0.5940677904378535,47
shock_periods,monthly_log_return,SP500_log_return_1m,Brent_log_return_1m,-18,positive = stock market leads oil; negative = oil leads stock market,0.03895387133742646,0.7580219179348824,65
shock_periods,monthly_log_return,SP500_log_return_1m,Brent_log_return_1m,-17,positive = stock market leads oil; negative = oil leads stock market,-0.05356942481608884,0.6717007541390289,65
shock_periods,monthly_log_return,SP500_log_return_1m,Brent_log_return_1m,-16,positive = stock market leads oil; negative = oil leads stock market,-0.035224329927125195,0.7805796062388648,65
shock_periods,monthly_log_return,SP500_log_return_1m,Brent_log_return_1m,-15,positive = stock market leads oil; negative = oil leads stock market,-0.1724723392277994,0.16948635849142196,65
shock_periods,monthly_log_return,SP500_log_return_1m,Brent_log_return_1m,-14,positive = stock market leads oil; negative = oil leads stock market,-0.061232913609636286,0.6279943554792321,65
shock_periods,monthly_log_return,SP500_log_return_1m,Brent_log_return_1m,-13,positive = stock market leads oil; negative = oil leads stock market,-0.005661885325989514,0.9642968477410997,65
shock_periods,monthly_log_return,SP500_log_return_1m,Brent_log_return_1m,-12,positive = stock market leads oil; negative = oil leads stock market,-0.12358235630543157,0.32669800664151594,65
shock_periods,monthly_log_return,SP500_log_return_1m,Brent_log_return_1m,-11,positive = stock market leads oil; negative = oil leads stock market,-0.019931840911372428,0.874777335676199,65
shock_periods,monthly_log_return,SP500_log_return_1m,Brent_log_return_1m,-10,positive = stock market leads oil; negative = oil leads stock market,0.05441788415722652,0.6668047160320255,65
shock_periods,monthly_log_return,SP500_log_return_1m,Brent_log_return_1m,-9,positive = stock market leads oil; negative = oil leads stock market,0.05640316493123163,0.6554029182014812,65
shock_periods,monthly_log_return,SP500_log_return_1m,Brent_log_return_1m,-8,positive = stock market leads oil; negative = oil leads stock market,-0.07980141821741146,0.5274489880287798,65
shock_periods,monthly_log_return,SP500_log_return_1m,Brent_log_return_1m,-7,positive = stock market leads oil; negative = oil leads stock market,-0.11212888499486995,0.3738525561844638,65
shock_periods,monthly_log_return,SP500_log_return_1m,Brent_log_return_1m,-6,positive = stock market leads oil; negative = oil leads stock market,0.014006467042654559,0.9118240682437465,65
shock_periods,monthly_log_return,SP500_log_return_1m,Brent_log_return_1m,-5,positive = stock market leads oil; negative = oil leads stock market,0.04896385747106664,0.6985103645385689,65
shock_periods,monthly_log_return,SP500_log_return_1m,Brent_log_return_1m,-4,positive = stock market leads oil; negative = oil leads stock market,-0.28302297415340427,0.02234476253358191,65
shock_periods,monthly_log_return,SP500_log_return_1m,Brent_log_return_1m,-3,positive = stock market leads oil; negative = oil leads stock market,-0.13078084822358904,0.2990846505866845,65
shock_periods,monthly_log_return,SP500_log_return_1m,Brent_log_return_1m,-2,positive = stock market leads oil; negative = oil leads stock market,-0.028825298247932195,0.8196967263909058,65
shock_periods,monthly_log_return,SP500_log_return_1m,Brent_log_return_1m,-1,positive = stock market leads oil; negative = oil leads stock market,0.08109160323862838,0.5207726848910318,65
shock_periods,monthly_log_return,SP500_log_return_1m,Brent_log_return_1m,0,positive = stock market leads oil; negative = oil leads stock market,0.3686794907028358,0.0025115892912645,65
shock_periods,monthly_log_return,SP500_log_return_1m,Brent_log_return_1m,1,positive = stock market leads oil; negative = oil leads stock market,0.36332255338814234,0.0031690110144367446,64
shock_periods,monthly_log_return,SP500_log_return_1m,Brent_log_return_1m,2,positive = stock market leads oil; negative = oil leads stock market,-0.12540009663576215,0.32744488909955105,63
shock_periods,monthly_log_return,SP500_log_return_1m,Brent_log_return_1m,3,positive = stock market leads oil; negative = oil leads stock market,-0.17231818274656058,0.18048455080812242,62
shock_periods,monthly_log_return,SP500_log_return_1m,Brent_log_return_1m,4,positive = stock market leads oil; negative = oil leads stock market,-0.07048781465426131,0.589327790893569,61
shock_periods,monthly_log_return,SP500_log_return_1m,Brent_log_return_1m,5,positive = stock market leads oil; negative = oil leads stock market,0.012992496000290898,0.9215142263174386,60
shock_periods,monthly_log_return,SP500_log_return_1m,Brent_log_return_1m,6,positive = stock market leads oil; negative = oil leads stock market,0.16240944330701274,0.21908007213394212,59
shock_periods,monthly_log_return,SP500_log_return_1m,Brent_log_return_1m,7,positive = stock market leads oil; negative = oil leads stock market,0.179446788270095,0.17770783570464788,58
shock_periods,monthly_log_return,SP500_log_return_1m,Brent_log_return_1m,8,positive = stock market leads oil; negative = oil leads stock market,0.09563458731521234,0.4791604013981337,57
shock_periods,monthly_log_return,SP500_log_return_1m,Brent_log_return_1m,9,positive = stock market leads oil; negative = oil leads stock market,-0.056698833724041144,0.6780982135981616,56
shock_periods,monthly_log_return,SP500_log_return_1m,Brent_log_return_1m,10,positive = stock market leads oil; negative = oil leads stock market,-0.036106110538260086,0.7935488721484908,55
shock_periods,monthly_log_return,SP500_log_return_1m,Brent_log_return_1m,11,positive = stock market leads oil; negative = oil leads stock market,-0.0052259373531463454,0.9700829149954607,54
shock_periods,monthly_log_return,SP500_log_return_1m,Brent_log_return_1m,12,positive = stock market leads oil; negative = oil leads stock market,-0.0022672842119365495,0.9871446435479754,53
shock_periods,monthly_log_return,SP500_log_return_1m,Brent_log_return_1m,13,positive = stock market leads oil; negative = oil leads stock market,0.010965110891001,0.9385036733146136,52
shock_periods,monthly_log_return,SP500_log_return_1m,Brent_log_return_1m,14,positive = stock market leads oil; negative = oil leads stock market,-0.00660846495338787,0.9632908349778305,51
shock_periods,monthly_log_return,SP500_log_return_1m,Brent_log_return_1m,15,positive = stock market leads oil; negative = oil leads stock market,-0.054943754776860504,0.7047094367641682,50
shock_periods,monthly_log_return,SP500_log_return_1m,Brent_log_return_1m,16,positive = stock market leads oil; negative = oil leads stock market,-0.07245912348483934,0.6207616262421688,49
shock_periods,monthly_log_return,SP500_log_return_1m,Brent_log_return_1m,17,positive = stock market leads oil; negative = oil leads stock market,0.1628463728485937,0.2687720448751819,48
shock_periods,monthly_log_return,SP500_log_return_1m,Brent_log_return_1m,18,positive = stock market leads oil; negative = oil leads stock market,0.086268271275246,0.5642256412275451,47
shock_periods,quarterly_return,SP500_quarterly_return,WTI_quarterly_return,-6,positive = stock market leads oil; negative = oil leads stock market,0.013375855047156597,0.9528895642455842,22
shock_periods,quarterly_return,SP500_quarterly_return,WTI_quarterly_return,-5,positive = stock market leads oil; negative = oil leads stock market,-0.15025288155533303,0.504506575199171,22
shock_periods,quarterly_return,SP500_quarterly_return,WTI_quarterly_return,-4,positive = stock market leads oil; negative = oil leads stock market,-0.03442407524496964,0.8791216219576683,22
shock_periods,quarterly_return,SP500_quarterly_return,WTI_quarterly_return,-3,positive = stock market leads oil; negative = oil leads stock market,0.0840915677341885,0.7098473061424263,22
shock_periods,quarterly_return,SP500_quarterly_return,WTI_quarterly_return,-2,positive = stock market leads oil; negative = oil leads stock market,0.16212677985976703,0.47100549409550385,22
shock_periods,quarterly_return,SP500_quarterly_return,WTI_quarterly_return,-1,positive = stock market leads oil; negative = oil leads stock market,-0.12752956935842322,0.5716873660584222,22
shock_periods,quarterly_return,SP500_quarterly_return,WTI_quarterly_return,0,positive = stock market leads oil; negative = oil leads stock market,0.4287680592385514,0.046472355055336124,22
shock_periods,quarterly_return,SP500_quarterly_return,WTI_quarterly_return,1,positive = stock market leads oil; negative = oil leads stock market,-0.5041888304605154,0.019774189337543574,21
shock_periods,quarterly_return,SP500_quarterly_return,WTI_quarterly_return,2,positive = stock market leads oil; negative = oil leads stock market,0.22143244191494083,0.3481250674772762,20
shock_periods,quarterly_return,SP500_quarterly_return,WTI_quarterly_return,3,positive = stock market leads oil; negative = oil leads stock market,0.024597906134660848,0.9203798497826856,19
shock_periods,quarterly_return,SP500_quarterly_return,WTI_quarterly_return,4,positive = stock market leads oil; negative = oil leads stock market,-0.009769351278911173,0.9693106552428852,18
shock_periods,quarterly_return,SP500_quarterly_return,WTI_quarterly_return,5,positive = stock market leads oil; negative = oil leads stock market,-0.013761387129242773,0.9581941731545427,17
shock_periods,quarterly_return,SP500_quarterly_return,WTI_quarterly_return,6,positive = stock market leads oil; negative = oil leads stock market,0.16953396698819906,0.5302023617270292,16
shock_periods,quarterly_return,SP500_quarterly_return,Brent_quarterly_return,-6,positive = stock market leads oil; negative = oil leads stock market,-0.021096694557865475,0.9257556505971526,22
shock_periods,quarterly_return,SP500_quarterly_return,Brent_quarterly_return,-5,positive = stock market leads oil; negative = oil leads stock market,-0.16603635282067242,0.4602289146551327,22
shock_periods,quarterly_return,SP500_quarterly_return,Brent_quarterly_return,-4,positive = stock market leads oil; negative = oil leads stock market,-0.013972379871046332,0.9507909813660218,22
shock_periods,quarterly_return,SP500_quarterly_return,Brent_quarterly_return,-3,positive = stock market leads oil; negative = oil leads stock market,0.11300363058519436,0.6165796501006378,22
shock_periods,quarterly_return,SP500_quarterly_return,Brent_quarterly_return,-2,positive = stock market leads oil; negative = oil leads stock market,0.10050262692235865,0.6563108685366329,22
shock_periods,quarterly_return,SP500_quarterly_return,Brent_quarterly_return,-1,positive = stock market leads oil; negative = oil leads stock market,-0.1570974665452324,0.4850551322713658,22
shock_periods,quarterly_return,SP500_quarterly_return,Brent_quarterly_return,0,positive = stock market leads oil; negative = oil leads stock market,0.41605223771698696,0.05411654074762019,22
shock_periods,quarterly_return,SP500_quarterly_return,Brent_quarterly_return,1,positive = stock market leads oil; negative = oil leads stock market,-0.46799309096589586,0.032395295168544766,21
shock_periods,quarterly_return,SP500_quarterly_return,Brent_quarterly_return,2,positive = stock market leads oil; negative = oil leads stock market,0.26290999605639853,0.2627534834304222,20
shock_periods,quarterly_return,SP500_quarterly_return,Brent_quarterly_return,3,positive = stock market leads oil; negative = oil leads stock market,-0.0013434872028388733,0.9956447500847552,19
shock_periods,quarterly_return,SP500_quarterly_return,Brent_quarterly_return,4,positive = stock market leads oil; negative = oil leads stock market,-0.017614085249387585,0.9446950052343576,18
shock_periods,quarterly_return,SP500_quarterly_return,Brent_quarterly_return,5,positive = stock market leads oil; negative = oil leads stock market,0.0019023661850709212,0.9942184605230399,17
shock_periods,quarterly_return,SP500_quarterly_return,Brent_quarterly_return,6,positive = stock market leads oil; negative = oil leads stock market,0.1744015333468354,0.5182805832505003,16
