section,price,comparison_price,measure,correlation,p_value,n_obs,target,predictor,lag_months,lag_convention,benchmark,family,model,formula,n_train,n_test,train_r2,full_r2,test_rmse,test_mae,test_r2,high_leverage_month_count,high_leverage_months,max_cooks_distance,coef_intercept,hac_se_intercept,t_intercept,p_intercept,coef_CI_zscore,hac_se_CI_zscore,t_CI_zscore,p_CI_zscore,coef_CI_monthly_change,hac_se_CI_monthly_change,t_CI_monthly_change,p_CI_monthly_change,level_field,yoy_field,month,price_level,price_yoy,unit,CI_zscore,GM2_YoY
price_comparison,WTI benchmark,Brent benchmark,price_level,0.9920157736367873,0.0,470,,,,,,,,,,,,,,,,,,,,,,,,,,,,,,,,,,,,,,
price_comparison,WTI benchmark,Brent benchmark,yoy,0.983552992712331,0.0,458,,,,,,,,,,,,,,,,,,,,,,,,,,,,,,,,,,,,,,
price_comparison,WTI benchmark,USO tradable exposure,price_level,0.5297282442272879,5.572158130058888e-19,243,,,,,,,,,,,,,,,,,,,,,,,,,,,,,,,,,,,,,,
price_comparison,WTI benchmark,USO tradable exposure,yoy,0.8625612749778739,1.0623506667000619e-69,231,,,,,,,,,,,,,,,,,,,,,,,,,,,,,,,,,,,,,,
price_comparison,WTI benchmark,RAC composite,price_level,0.9953706680605341,0.0,485,,,,,,,,,,,,,,,,,,,,,,,,,,,,,,,,,,,,,,
price_comparison,WTI benchmark,RAC composite,yoy,0.9824266204362144,0.0,473,,,,,,,,,,,,,,,,,,,,,,,,,,,,,,,,,,,,,,
price_comparison,WTI benchmark,domestic first purchase,price_level,0.9979601697532229,0.0,484,,,,,,,,,,,,,,,,,,,,,,,,,,,,,,,,,,,,,,
price_comparison,WTI benchmark,domestic first purchase,yoy,0.9808010084034441,0.0,472,,,,,,,,,,,,,,,,,,,,,,,,,,,,,,,,,,,,,,
price_comparison,WTI benchmark,imported landed cost,price_level,0.9932268953967706,0.0,484,,,,,,,,,,,,,,,,,,,,,,,,,,,,,,,,,,,,,,
price_comparison,WTI benchmark,imported landed cost,yoy,0.9784738954331427,0.0,472,,,,,,,,,,,,,,,,,,,,,,,,,,,,,,,,,,,,,,
ci_tracking,WTI benchmark,,,-0.28598841874052,3.0608386488549436e-10,467,WTI_YoY,CI_zscore,,,,,,,,,,,,,,,,,,,,,,,,,,,,,,,,,,,,
gm2_tracking,WTI benchmark,,,0.35768822805016626,1.9001525330384617e-09,266,WTI_YoY,GM2_YoY,0,positive = GM2 leads price YoY,,,,,,,,,,,,,,,,,,,,,,,,,,,,,,,,,,
gm2_tracking,WTI benchmark,,,0.4295050045905277,2.293871124510662e-13,266,WTI_YoY,GM2_YoY,1,positive = GM2 leads price YoY,,,,,,,,,,,,,,,,,,,,,,,,,,,,,,,,,,
gm2_tracking,WTI benchmark,,,0.4918510191457302,1.504680568100181e-17,265,WTI_YoY,GM2_YoY,2,positive = GM2 leads price YoY,,,,,,,,,,,,,,,,,,,,,,,,,,,,,,,,,,
gm2_tracking,WTI benchmark,,,0.5257692286698222,3.62300729180857e-20,264,WTI_YoY,GM2_YoY,3,positive = GM2 leads price YoY,,,,,,,,,,,,,,,,,,,,,,,,,,,,,,,,,,
gm2_tracking,WTI benchmark,,,0.5321138882633321,1.2499306337322885e-20,263,WTI_YoY,GM2_YoY,4,positive = GM2 leads price YoY,,,,,,,,,,,,,,,,,,,,,,,,,,,,,,,,,,
gm2_tracking,WTI benchmark,,,0.5109012586269167,8.005105867265936e-19,262,WTI_YoY,GM2_YoY,5,positive = GM2 leads price YoY,,,,,,,,,,,,,,,,,,,,,,,,,,,,,,,,,,
gm2_tracking,WTI benchmark,,,0.4753866544430768,4.02532488031064e-16,261,WTI_YoY,GM2_YoY,6,positive = GM2 leads price YoY,,,,,,,,,,,,,,,,,,,,,,,,,,,,,,,,,,
gm2_tracking,WTI benchmark,,,0.4364251657315184,1.626410351478993e-13,260,WTI_YoY,GM2_YoY,7,positive = GM2 leads price YoY,,,,,,,,,,,,,,,,,,,,,,,,,,,,,,,,,,
gm2_tracking,WTI benchmark,,,0.39520632368139563,4.108319613930143e-11,259,WTI_YoY,GM2_YoY,8,positive = GM2 leads price YoY,,,,,,,,,,,,,,,,,,,,,,,,,,,,,,,,,,
gm2_tracking,WTI benchmark,,,0.35059692711592744,7.086611574329253e-09,258,WTI_YoY,GM2_YoY,9,positive = GM2 leads price YoY,,,,,,,,,,,,,,,,,,,,,,,,,,,,,,,,,,
gm2_tracking,WTI benchmark,,,0.3135042340508704,2.87750994829868e-07,257,WTI_YoY,GM2_YoY,10,positive = GM2 leads price YoY,,,,,,,,,,,,,,,,,,,,,,,,,,,,,,,,,,
gm2_tracking,WTI benchmark,,,0.27442369463336935,8.384746332611924e-06,256,WTI_YoY,GM2_YoY,11,positive = GM2 leads price YoY,,,,,,,,,,,,,,,,,,,,,,,,,,,,,,,,,,
gm2_tracking,WTI benchmark,,,0.23292459762602985,0.00017474224438251344,255,WTI_YoY,GM2_YoY,12,positive = GM2 leads price YoY,,,,,,,,,,,,,,,,,,,,,,,,,,,,,,,,,,
gm2_tracking,WTI benchmark,,,0.19859115977974018,0.0014668910563663934,254,WTI_YoY,GM2_YoY,13,positive = GM2 leads price YoY,,,,,,,,,,,,,,,,,,,,,,,,,,,,,,,,,,
gm2_tracking,WTI benchmark,,,0.17019271905558842,0.0066576524284956366,253,WTI_YoY,GM2_YoY,14,positive = GM2 leads price YoY,,,,,,,,,,,,,,,,,,,,,,,,,,,,,,,,,,
gm2_tracking,WTI benchmark,,,0.15222847489251168,0.015578197411624925,252,WTI_YoY,GM2_YoY,15,positive = GM2 leads price YoY,,,,,,,,,,,,,,,,,,,,,,,,,,,,,,,,,,
gm2_tracking,WTI benchmark,,,0.14747020270492414,0.019413208150312753,251,WTI_YoY,GM2_YoY,16,positive = GM2 leads price YoY,,,,,,,,,,,,,,,,,,,,,,,,,,,,,,,,,,
gm2_tracking,WTI benchmark,,,0.1506111685178272,0.01717002571544054,250,WTI_YoY,GM2_YoY,17,positive = GM2 leads price YoY,,,,,,,,,,,,,,,,,,,,,,,,,,,,,,,,,,
gm2_tracking,WTI benchmark,,,0.1503310603923032,0.0176083077428566,249,WTI_YoY,GM2_YoY,18,positive = GM2 leads price YoY,,,,,,,,,,,,,,,,,,,,,,,,,,,,,,,,,,
price_comparison,Brent benchmark,USO tradable exposure,price_level,0.43872495783904797,7.465947157470853e-13,243,,,,,,,,,,,,,,,,,,,,,,,,,,,,,,,,,,,,,,
price_comparison,Brent benchmark,USO tradable exposure,yoy,0.8588494273057882,1.7951056775236152e-68,231,,,,,,,,,,,,,,,,,,,,,,,,,,,,,,,,,,,,,,
price_comparison,Brent benchmark,RAC composite,price_level,0.9972804140008501,0.0,469,,,,,,,,,,,,,,,,,,,,,,,,,,,,,,,,,,,,,,
price_comparison,Brent benchmark,RAC composite,yoy,0.9843585597639501,0.0,457,,,,,,,,,,,,,,,,,,,,,,,,,,,,,,,,,,,,,,
price_comparison,Brent benchmark,domestic first purchase,price_level,0.995311577511271,0.0,468,,,,,,,,,,,,,,,,,,,,,,,,,,,,,,,,,,,,,,
price_comparison,Brent benchmark,domestic first purchase,yoy,0.9772024148944595,1.0654142134233167e-307,456,,,,,,,,,,,,,,,,,,,,,,,,,,,,,,,,,,,,,,
price_comparison,Brent benchmark,imported landed cost,price_level,0.9951403009129836,0.0,468,,,,,,,,,,,,,,,,,,,,,,,,,,,,,,,,,,,,,,
price_comparison,Brent benchmark,imported landed cost,yoy,0.9823371040267901,0.0,456,,,,,,,,,,,,,,,,,,,,,,,,,,,,,,,,,,,,,,
ci_tracking,Brent benchmark,,,-0.26726012061475873,6.247167159934947e-09,458,Brent_YoY,CI_zscore,,,,,,,,,,,,,,,,,,,,,,,,,,,,,,,,,,,,
gm2_tracking,Brent benchmark,,,0.35435823333409955,2.7434363146591677e-09,266,Brent_YoY,GM2_YoY,0,positive = GM2 leads price YoY,,,,,,,,,,,,,,,,,,,,,,,,,,,,,,,,,,
gm2_tracking,Brent benchmark,,,0.4257838166209544,3.8680685956970753e-13,266,Brent_YoY,GM2_YoY,1,positive = GM2 leads price YoY,,,,,,,,,,,,,,,,,,,,,,,,,,,,,,,,,,
gm2_tracking,Brent benchmark,,,0.48647592823228,3.7745046400248607e-17,265,Brent_YoY,GM2_YoY,2,positive = GM2 leads price YoY,,,,,,,,,,,,,,,,,,,,,,,,,,,,,,,,,,
gm2_tracking,Brent benchmark,,,0.5185949072362589,1.4157185423863543e-19,264,Brent_YoY,GM2_YoY,3,positive = GM2 leads price YoY,,,,,,,,,,,,,,,,,,,,,,,,,,,,,,,,,,
gm2_tracking,Brent benchmark,,,0.5226942846644282,7.666352112333836e-20,263,Brent_YoY,GM2_YoY,4,positive = GM2 leads price YoY,,,,,,,,,,,,,,,,,,,,,,,,,,,,,,,,,,
gm2_tracking,Brent benchmark,,,0.49981635814380987,5.78316811866843e-18,262,Brent_YoY,GM2_YoY,5,positive = GM2 leads price YoY,,,,,,,,,,,,,,,,,,,,,,,,,,,,,,,,,,
gm2_tracking,Brent benchmark,,,0.4648128182801522,2.147953424781153e-15,261,Brent_YoY,GM2_YoY,6,positive = GM2 leads price YoY,,,,,,,,,,,,,,,,,,,,,,,,,,,,,,,,,,
gm2_tracking,Brent benchmark,,,0.4281979010082656,5.120599846096433e-13,260,Brent_YoY,GM2_YoY,7,positive = GM2 leads price YoY,,,,,,,,,,,,,,,,,,,,,,,,,,,,,,,,,,
gm2_tracking,Brent benchmark,,,0.3898715123918392,7.863369660370521e-11,259,Brent_YoY,GM2_YoY,8,positive = GM2 leads price YoY,,,,,,,,,,,,,,,,,,,,,,,,,,,,,,,,,,
gm2_tracking,Brent benchmark,,,0.3540303390794192,4.930537342680422e-09,258,Brent_YoY,GM2_YoY,9,positive = GM2 leads price YoY,,,,,,,,,,,,,,,,,,,,,,,,,,,,,,,,,,
gm2_tracking,Brent benchmark,,,0.32461903831818506,1.0176976106190037e-07,257,Brent_YoY,GM2_YoY,10,positive = GM2 leads price YoY,,,,,,,,,,,,,,,,,,,,,,,,,,,,,,,,,,
gm2_tracking,Brent benchmark,,,0.29082721120793753,2.2104265929153495e-06,256,Brent_YoY,GM2_YoY,11,positive = GM2 leads price YoY,,,,,,,,,,,,,,,,,,,,,,,,,,,,,,,,,,
gm2_tracking,Brent benchmark,,,0.24980900382954158,5.491305472334401e-05,255,Brent_YoY,GM2_YoY,12,positive = GM2 leads price YoY,,,,,,,,,,,,,,,,,,,,,,,,,,,,,,,,,,
gm2_tracking,Brent benchmark,,,0.2142445606178244,0.0005867702687976275,254,Brent_YoY,GM2_YoY,13,positive = GM2 leads price YoY,,,,,,,,,,,,,,,,,,,,,,,,,,,,,,,,,,
gm2_tracking,Brent benchmark,,,0.189589734457533,0.0024602529379020317,253,Brent_YoY,GM2_YoY,14,positive = GM2 leads price YoY,,,,,,,,,,,,,,,,,,,,,,,,,,,,,,,,,,
gm2_tracking,Brent benchmark,,,0.17820120591957356,0.004546277599355961,252,Brent_YoY,GM2_YoY,15,positive = GM2 leads price YoY,,,,,,,,,,,,,,,,,,,,,,,,,,,,,,,,,,
gm2_tracking,Brent benchmark,,,0.17691064165165554,0.004938665460159999,251,Brent_YoY,GM2_YoY,16,positive = GM2 leads price YoY,,,,,,,,,,,,,,,,,,,,,,,,,,,,,,,,,,
gm2_tracking,Brent benchmark,,,0.1829813133561151,0.003693224703304809,250,Brent_YoY,GM2_YoY,17,positive = GM2 leads price YoY,,,,,,,,,,,,,,,,,,,,,,,,,,,,,,,,,,
gm2_tracking,Brent benchmark,,,0.18231383192212933,0.0038940456489875994,249,Brent_YoY,GM2_YoY,18,positive = GM2 leads price YoY,,,,,,,,,,,,,,,,,,,,,,,,,,,,,,,,,,
price_comparison,USO tradable exposure,RAC composite,price_level,0.4609429922298919,3.921697886421532e-14,242,,,,,,,,,,,,,,,,,,,,,,,,,,,,,,,,,,,,,,
price_comparison,USO tradable exposure,RAC composite,yoy,0.8556077742424917,3.845498764689008e-67,230,,,,,,,,,,,,,,,,,,,,,,,,,,,,,,,,,,,,,,
price_comparison,USO tradable exposure,domestic first purchase,price_level,0.4810838384291663,2.3049203647743526e-15,241,,,,,,,,,,,,,,,,,,,,,,,,,,,,,,,,,,,,,,
price_comparison,USO tradable exposure,domestic first purchase,yoy,0.8398546579512087,3.6623472418909394e-62,229,,,,,,,,,,,,,,,,,,,,,,,,,,,,,,,,,,,,,,
price_comparison,USO tradable exposure,imported landed cost,price_level,0.5133146912679619,1.3326392443456718e-17,241,,,,,,,,,,,,,,,,,,,,,,,,,,,,,,,,,,,,,,
price_comparison,USO tradable exposure,imported landed cost,yoy,0.832624531253307,3.548348584175085e-60,229,,,,,,,,,,,,,,,,,,,,,,,,,,,,,,,,,,,,,,
ci_tracking,USO tradable exposure,,,-0.4560953061500247,2.8720997320883286e-13,231,USO_YoY,CI_zscore,,,,,,,,,,,,,,,,,,,,,,,,,,,,,,,,,,,,
gm2_tracking,USO tradable exposure,,,0.15631611973699638,0.017675967604255948,230,USO_YoY,GM2_YoY,0,positive = GM2 leads price YoY,,,,,,,,,,,,,,,,,,,,,,,,,,,,,,,,,,
gm2_tracking,USO tradable exposure,,,0.23355297878001352,0.0003434882723357241,231,USO_YoY,GM2_YoY,1,positive = GM2 leads price YoY,,,,,,,,,,,,,,,,,,,,,,,,,,,,,,,,,,
gm2_tracking,USO tradable exposure,,,0.30386623281879954,2.538130585758619e-06,231,USO_YoY,GM2_YoY,2,positive = GM2 leads price YoY,,,,,,,,,,,,,,,,,,,,,,,,,,,,,,,,,,
gm2_tracking,USO tradable exposure,,,0.34935594362772104,4.931534791355551e-08,231,USO_YoY,GM2_YoY,3,positive = GM2 leads price YoY,,,,,,,,,,,,,,,,,,,,,,,,,,,,,,,,,,
gm2_tracking,USO tradable exposure,,,0.36854262623372436,7.669960073358707e-09,231,USO_YoY,GM2_YoY,4,positive = GM2 leads price YoY,,,,,,,,,,,,,,,,,,,,,,,,,,,,,,,,,,
gm2_tracking,USO tradable exposure,,,0.3629962694982331,1.3302290062914952e-08,231,USO_YoY,GM2_YoY,5,positive = GM2 leads price YoY,,,,,,,,,,,,,,,,,,,,,,,,,,,,,,,,,,
gm2_tracking,USO tradable exposure,,,0.3413441438604668,1.0348241247583951e-07,231,USO_YoY,GM2_YoY,6,positive = GM2 leads price YoY,,,,,,,,,,,,,,,,,,,,,,,,,,,,,,,,,,
gm2_tracking,USO tradable exposure,,,0.32051592137225765,6.460467406793369e-07,231,USO_YoY,GM2_YoY,7,positive = GM2 leads price YoY,,,,,,,,,,,,,,,,,,,,,,,,,,,,,,,,,,
gm2_tracking,USO tradable exposure,,,0.29834056616609267,3.924813333053355e-06,231,USO_YoY,GM2_YoY,8,positive = GM2 leads price YoY,,,,,,,,,,,,,,,,,,,,,,,,,,,,,,,,,,
gm2_tracking,USO tradable exposure,,,0.2739965377308585,2.4118767226600863e-05,231,USO_YoY,GM2_YoY,9,positive = GM2 leads price YoY,,,,,,,,,,,,,,,,,,,,,,,,,,,,,,,,,,
gm2_tracking,USO tradable exposure,,,0.2569762417954193,7.780283961306802e-05,231,USO_YoY,GM2_YoY,10,positive = GM2 leads price YoY,,,,,,,,,,,,,,,,,,,,,,,,,,,,,,,,,,
gm2_tracking,USO tradable exposure,,,0.22673681363962236,0.0005151650236111366,231,USO_YoY,GM2_YoY,11,positive = GM2 leads price YoY,,,,,,,,,,,,,,,,,,,,,,,,,,,,,,,,,,
gm2_tracking,USO tradable exposure,,,0.20018363053731877,0.0022354467727004725,231,USO_YoY,GM2_YoY,12,positive = GM2 leads price YoY,,,,,,,,,,,,,,,,,,,,,,,,,,,,,,,,,,
gm2_tracking,USO tradable exposure,,,0.18092078650216742,0.005822123997072217,231,USO_YoY,GM2_YoY,13,positive = GM2 leads price YoY,,,,,,,,,,,,,,,,,,,,,,,,,,,,,,,,,,
gm2_tracking,USO tradable exposure,,,0.16222039774108926,0.013566771328283428,231,USO_YoY,GM2_YoY,14,positive = GM2 leads price YoY,,,,,,,,,,,,,,,,,,,,,,,,,,,,,,,,,,
gm2_tracking,USO tradable exposure,,,0.14820400895179736,0.024275463169632108,231,USO_YoY,GM2_YoY,15,positive = GM2 leads price YoY,,,,,,,,,,,,,,,,,,,,,,,,,,,,,,,,,,
gm2_tracking,USO tradable exposure,,,0.1453290470639614,0.02720481292122919,231,USO_YoY,GM2_YoY,16,positive = GM2 leads price YoY,,,,,,,,,,,,,,,,,,,,,,,,,,,,,,,,,,
gm2_tracking,USO tradable exposure,,,0.1534052345480405,0.019662105127835644,231,USO_YoY,GM2_YoY,17,positive = GM2 leads price YoY,,,,,,,,,,,,,,,,,,,,,,,,,,,,,,,,,,
gm2_tracking,USO tradable exposure,,,0.15909113779063289,0.01550798081857225,231,USO_YoY,GM2_YoY,18,positive = GM2 leads price YoY,,,,,,,,,,,,,,,,,,,,,,,,,,,,,,,,,,
price_comparison,RAC composite,domestic first purchase,price_level,0.9986627601888144,0.0,484,,,,,,,,,,,,,,,,,,,,,,,,,,,,,,,,,,,,,,
price_comparison,RAC composite,domestic first purchase,yoy,0.9922683937016411,0.0,484,,,,,,,,,,,,,,,,,,,,,,,,,,,,,,,,,,,,,,
price_comparison,RAC composite,imported landed cost,price_level,0.9977383701939614,0.0,484,,,,,,,,,,,,,,,,,,,,,,,,,,,,,,,,,,,,,,
price_comparison,RAC composite,imported landed cost,yoy,0.9916444257662588,0.0,484,,,,,,,,,,,,,,,,,,,,,,,,,,,,,,,,,,,,,,
ci_tracking,RAC composite,,,-0.28851605474780867,2.1963534881653431e-10,466,RAC_composite_YoY,CI_zscore,,,,,,,,,,,,,,,,,,,,,,,,,,,,,,,,,,,,
gm2_tracking,RAC composite,,,0.35779663661069216,1.877433801817902e-09,266,RAC_composite_YoY,GM2_YoY,0,positive = GM2 leads price YoY,,,,,,,,,,,,,,,,,,,,,,,,,,,,,,,,,,
gm2_tracking,RAC composite,,,0.43141998891019084,1.941865408201856e-13,265,RAC_composite_YoY,GM2_YoY,1,positive = GM2 leads price YoY,,,,,,,,,,,,,,,,,,,,,,,,,,,,,,,,,,
gm2_tracking,RAC composite,,,0.4958578776265185,8.653356038739767e-18,264,RAC_composite_YoY,GM2_YoY,2,positive = GM2 leads price YoY,,,,,,,,,,,,,,,,,,,,,,,,,,,,,,,,,,
gm2_tracking,RAC composite,,,0.5348482977917105,7.30439061499945e-21,263,RAC_composite_YoY,GM2_YoY,3,positive = GM2 leads price YoY,,,,,,,,,,,,,,,,,,,,,,,,,,,,,,,,,,
gm2_tracking,RAC composite,,,0.541410213866054,2.350383007413696e-21,262,RAC_composite_YoY,GM2_YoY,4,positive = GM2 leads price YoY,,,,,,,,,,,,,,,,,,,,,,,,,,,,,,,,,,
gm2_tracking,RAC composite,,,0.5206891051207855,1.5420716296869693e-19,261,RAC_composite_YoY,GM2_YoY,5,positive = GM2 leads price YoY,,,,,,,,,,,,,,,,,,,,,,,,,,,,,,,,,,
gm2_tracking,RAC composite,,,0.48428860612966945,1.0755951906854597e-16,260,RAC_composite_YoY,GM2_YoY,6,positive = GM2 leads price YoY,,,,,,,,,,,,,,,,,,,,,,,,,,,,,,,,,,
gm2_tracking,RAC composite,,,0.4440153713849638,6.139293774158427e-14,259,RAC_composite_YoY,GM2_YoY,7,positive = GM2 leads price YoY,,,,,,,,,,,,,,,,,,,,,,,,,,,,,,,,,,
gm2_tracking,RAC composite,,,0.40195944134784867,1.943281637386899e-11,258,RAC_composite_YoY,GM2_YoY,8,positive = GM2 leads price YoY,,,,,,,,,,,,,,,,,,,,,,,,,,,,,,,,,,
gm2_tracking,RAC composite,,,0.35885484872113943,3.1554386192035682e-09,257,RAC_composite_YoY,GM2_YoY,9,positive = GM2 leads price YoY,,,,,,,,,,,,,,,,,,,,,,,,,,,,,,,,,,
gm2_tracking,RAC composite,,,0.323471071668833,1.20196134376442e-07,256,RAC_composite_YoY,GM2_YoY,10,positive = GM2 leads price YoY,,,,,,,,,,,,,,,,,,,,,,,,,,,,,,,,,,
gm2_tracking,RAC composite,,,0.28964979700503185,2.553214867385384e-06,255,RAC_composite_YoY,GM2_YoY,11,positive = GM2 leads price YoY,,,,,,,,,,,,,,,,,,,,,,,,,,,,,,,,,,
gm2_tracking,RAC composite,,,0.25251843196343166,4.685256506732926e-05,254,RAC_composite_YoY,GM2_YoY,12,positive = GM2 leads price YoY,,,,,,,,,,,,,,,,,,,,,,,,,,,,,,,,,,
gm2_tracking,RAC composite,,,0.2187717500961776,0.0004564350470794878,253,RAC_composite_YoY,GM2_YoY,13,positive = GM2 leads price YoY,,,,,,,,,,,,,,,,,,,,,,,,,,,,,,,,,,
gm2_tracking,RAC composite,,,0.1911683853321032,0.0023054316942924006,252,RAC_composite_YoY,GM2_YoY,14,positive = GM2 leads price YoY,,,,,,,,,,,,,,,,,,,,,,,,,,,,,,,,,,
gm2_tracking,RAC composite,,,0.17391898398845887,0.005732063798529811,251,RAC_composite_YoY,GM2_YoY,15,positive = GM2 leads price YoY,,,,,,,,,,,,,,,,,,,,,,,,,,,,,,,,,,
gm2_tracking,RAC composite,,,0.17112275544977348,0.006684576615747537,250,RAC_composite_YoY,GM2_YoY,16,positive = GM2 leads price YoY,,,,,,,,,,,,,,,,,,,,,,,,,,,,,,,,,,
gm2_tracking,RAC composite,,,0.17755650328211037,0.004953243039994505,249,RAC_composite_YoY,GM2_YoY,17,positive = GM2 leads price YoY,,,,,,,,,,,,,,,,,,,,,,,,,,,,,,,,,,
gm2_tracking,RAC composite,,,0.17994615918836077,0.004473037986735579,248,RAC_composite_YoY,GM2_YoY,18,positive = GM2 leads price YoY,,,,,,,,,,,,,,,,,,,,,,,,,,,,,,,,,,
price_comparison,domestic first purchase,imported landed cost,price_level,0.9958349411638193,0.0,484,,,,,,,,,,,,,,,,,,,,,,,,,,,,,,,,,,,,,,
price_comparison,domestic first purchase,imported landed cost,yoy,0.9851151683273451,0.0,484,,,,,,,,,,,,,,,,,,,,,,,,,,,,,,,,,,,,,,
ci_tracking,domestic first purchase,,,-0.2822273069126687,5.794278085102067e-10,465,first_purchase_YoY,CI_zscore,,,,,,,,,,,,,,,,,,,,,,,,,,,,,,,,,,,,
gm2_tracking,domestic first purchase,,,0.3564625577849897,2.3334940003498924e-09,265,first_purchase_YoY,GM2_YoY,0,positive = GM2 leads price YoY,,,,,,,,,,,,,,,,,,,,,,,,,,,,,,,,,,
gm2_tracking,domestic first purchase,,,0.42612540615522965,4.522734879766042e-13,264,first_purchase_YoY,GM2_YoY,1,positive = GM2 leads price YoY,,,,,,,,,,,,,,,,,,,,,,,,,,,,,,,,,,
gm2_tracking,domestic first purchase,,,0.49155946528899797,2.094240378838962e-17,263,first_purchase_YoY,GM2_YoY,2,positive = GM2 leads price YoY,,,,,,,,,,,,,,,,,,,,,,,,,,,,,,,,,,
gm2_tracking,domestic first purchase,,,0.5303362743045111,2.0890661791708367e-20,262,first_purchase_YoY,GM2_YoY,3,positive = GM2 leads price YoY,,,,,,,,,,,,,,,,,,,,,,,,,,,,,,,,,,
gm2_tracking,domestic first purchase,,,0.5352040595490464,9.578174616959934e-21,261,first_purchase_YoY,GM2_YoY,4,positive = GM2 leads price YoY,,,,,,,,,,,,,,,,,,,,,,,,,,,,,,,,,,
gm2_tracking,domestic first purchase,,,0.5150348905465182,5.134946451442998e-19,260,first_purchase_YoY,GM2_YoY,5,positive = GM2 leads price YoY,,,,,,,,,,,,,,,,,,,,,,,,,,,,,,,,,,
gm2_tracking,domestic first purchase,,,0.47926362145719126,2.7975786000116443e-16,259,first_purchase_YoY,GM2_YoY,6,positive = GM2 leads price YoY,,,,,,,,,,,,,,,,,,,,,,,,,,,,,,,,,,
gm2_tracking,domestic first purchase,,,0.4408994173015395,1.0719156492453206e-13,258,first_purchase_YoY,GM2_YoY,7,positive = GM2 leads price YoY,,,,,,,,,,,,,,,,,,,,,,,,,,,,,,,,,,
gm2_tracking,domestic first purchase,,,0.40077524009969623,2.4637117891973403e-11,257,first_purchase_YoY,GM2_YoY,8,positive = GM2 leads price YoY,,,,,,,,,,,,,,,,,,,,,,,,,,,,,,,,,,
gm2_tracking,domestic first purchase,,,0.3528915334920652,6.378755118329508e-09,256,first_purchase_YoY,GM2_YoY,9,positive = GM2 leads price YoY,,,,,,,,,,,,,,,,,,,,,,,,,,,,,,,,,,
gm2_tracking,domestic first purchase,,,0.3119658383336671,3.6824139644101316e-07,255,first_purchase_YoY,GM2_YoY,10,positive = GM2 leads price YoY,,,,,,,,,,,,,,,,,,,,,,,,,,,,,,,,,,
gm2_tracking,domestic first purchase,,,0.27586652086082136,8.127983966262422e-06,254,first_purchase_YoY,GM2_YoY,11,positive = GM2 leads price YoY,,,,,,,,,,,,,,,,,,,,,,,,,,,,,,,,,,
gm2_tracking,domestic first purchase,,,0.2389132196859372,0.0001245250512230502,253,first_purchase_YoY,GM2_YoY,12,positive = GM2 leads price YoY,,,,,,,,,,,,,,,,,,,,,,,,,,,,,,,,,,
gm2_tracking,domestic first purchase,,,0.20411273962075469,0.0011202189148584846,252,first_purchase_YoY,GM2_YoY,13,positive = GM2 leads price YoY,,,,,,,,,,,,,,,,,,,,,,,,,,,,,,,,,,
gm2_tracking,domestic first purchase,,,0.1755921098819944,0.005275303221732914,251,first_purchase_YoY,GM2_YoY,14,positive = GM2 leads price YoY,,,,,,,,,,,,,,,,,,,,,,,,,,,,,,,,,,
gm2_tracking,domestic first purchase,,,0.15728404056332848,0.012776721177691842,250,first_purchase_YoY,GM2_YoY,15,positive = GM2 leads price YoY,,,,,,,,,,,,,,,,,,,,,,,,,,,,,,,,,,
gm2_tracking,domestic first purchase,,,0.1565807247790431,0.013374187408526497,249,first_purchase_YoY,GM2_YoY,16,positive = GM2 leads price YoY,,,,,,,,,,,,,,,,,,,,,,,,,,,,,,,,,,
gm2_tracking,domestic first purchase,,,0.1636050491374296,0.00985570093944104,248,first_purchase_YoY,GM2_YoY,17,positive = GM2 leads price YoY,,,,,,,,,,,,,,,,,,,,,,,,,,,,,,,,,,
gm2_tracking,domestic first purchase,,,0.1637950076634691,0.009919549364611282,247,first_purchase_YoY,GM2_YoY,18,positive = GM2 leads price YoY,,,,,,,,,,,,,,,,,,,,,,,,,,,,,,,,,,
ci_tracking,imported landed cost,,,-0.27975904432155535,8.280280182091891e-10,465,landed_import_cost_YoY,CI_zscore,,,,,,,,,,,,,,,,,,,,,,,,,,,,,,,,,,,,
gm2_tracking,imported landed cost,,,0.3814487503778743,1.32097328316066e-10,265,landed_import_cost_YoY,GM2_YoY,0,positive = GM2 leads price YoY,,,,,,,,,,,,,,,,,,,,,,,,,,,,,,,,,,
gm2_tracking,imported landed cost,,,0.45161946952276566,1.1320406405483049e-14,264,landed_import_cost_YoY,GM2_YoY,1,positive = GM2 leads price YoY,,,,,,,,,,,,,,,,,,,,,,,,,,,,,,,,,,
gm2_tracking,imported landed cost,,,0.5099318991404869,8.194312819180055e-19,263,landed_import_cost_YoY,GM2_YoY,2,positive = GM2 leads price YoY,,,,,,,,,,,,,,,,,,,,,,,,,,,,,,,,,,
gm2_tracking,imported landed cost,,,0.5397846091118572,3.2554969781492514e-21,262,landed_import_cost_YoY,GM2_YoY,3,positive = GM2 leads price YoY,,,,,,,,,,,,,,,,,,,,,,,,,,,,,,,,,,
gm2_tracking,imported landed cost,,,0.5374016028987367,6.2152583468654985e-21,261,landed_import_cost_YoY,GM2_YoY,4,positive = GM2 leads price YoY,,,,,,,,,,,,,,,,,,,,,,,,,,,,,,,,,,
gm2_tracking,imported landed cost,,,0.5103792815968895,1.194552425488402e-18,260,landed_import_cost_YoY,GM2_YoY,5,positive = GM2 leads price YoY,,,,,,,,,,,,,,,,,,,,,,,,,,,,,,,,,,
gm2_tracking,imported landed cost,,,0.4705737169832538,1.120145334150821e-15,259,landed_import_cost_YoY,GM2_YoY,6,positive = GM2 leads price YoY,,,,,,,,,,,,,,,,,,,,,,,,,,,,,,,,,,
gm2_tracking,imported landed cost,,,0.42734427351737303,7.070392058590688e-13,258,landed_import_cost_YoY,GM2_YoY,7,positive = GM2 leads price YoY,,,,,,,,,,,,,,,,,,,,,,,,,,,,,,,,,,
gm2_tracking,imported landed cost,,,0.38443424688270006,1.773711683653553e-10,257,landed_import_cost_YoY,GM2_YoY,8,positive = GM2 leads price YoY,,,,,,,,,,,,,,,,,,,,,,,,,,,,,,,,,,
gm2_tracking,imported landed cost,,,0.3435252934364227,1.6794779037337293e-08,256,landed_import_cost_YoY,GM2_YoY,9,positive = GM2 leads price YoY,,,,,,,,,,,,,,,,,,,,,,,,,,,,,,,,,,
gm2_tracking,imported landed cost,,,0.3083137816443063,5.111954009736946e-07,255,landed_import_cost_YoY,GM2_YoY,10,positive = GM2 leads price YoY,,,,,,,,,,,,,,,,,,,,,,,,,,,,,,,,,,
gm2_tracking,imported landed cost,,,0.27511072870400627,8.624451451478211e-06,254,landed_import_cost_YoY,GM2_YoY,11,positive = GM2 leads price YoY,,,,,,,,,,,,,,,,,,,,,,,,,,,,,,,,,,
gm2_tracking,imported landed cost,,,0.23899822246945546,0.0001238142322592157,253,landed_import_cost_YoY,GM2_YoY,12,positive = GM2 leads price YoY,,,,,,,,,,,,,,,,,,,,,,,,,,,,,,,,,,
gm2_tracking,imported landed cost,,,0.20564263864396715,0.0010255992004597342,252,landed_import_cost_YoY,GM2_YoY,13,positive = GM2 leads price YoY,,,,,,,,,,,,,,,,,,,,,,,,,,,,,,,,,,
gm2_tracking,imported landed cost,,,0.18082758190347856,0.0040494981593306115,251,landed_import_cost_YoY,GM2_YoY,14,positive = GM2 leads price YoY,,,,,,,,,,,,,,,,,,,,,,,,,,,,,,,,,,
gm2_tracking,imported landed cost,,,0.1669401268569896,0.00817119224865722,250,landed_import_cost_YoY,GM2_YoY,15,positive = GM2 leads price YoY,,,,,,,,,,,,,,,,,,,,,,,,,,,,,,,,,,
gm2_tracking,imported landed cost,,,0.16763816504004705,0.008031091171873433,249,landed_import_cost_YoY,GM2_YoY,16,positive = GM2 leads price YoY,,,,,,,,,,,,,,,,,,,,,,,,,,,,,,,,,,
gm2_tracking,imported landed cost,,,0.17308198966781696,0.006284012200583685,248,landed_import_cost_YoY,GM2_YoY,17,positive = GM2 leads price YoY,,,,,,,,,,,,,,,,,,,,,,,,,,,,,,,,,,
gm2_tracking,imported landed cost,,,0.16930938620481228,0.007660281591109592,247,landed_import_cost_YoY,GM2_YoY,18,positive = GM2 leads price YoY,,,,,,,,,,,,,,,,,,,,,,,,,,,,,,,,,,
ci_spread_correlation,,,,0.03338989084898346,0.47210804271159407,466,RAC_vs_WTI_spread,CI_zscore,,,WTI,,,,,,,,,,,,,,,,,,,,,,,,,,,,,,,,,
ci_spread_model,,,,,,466,RAC_vs_WTI_spread,,0,,WTI,physical_realised_spread,RAC_vs_WTI_spread_ci_state,RAC_vs_WTI_spread_t = alpha + CI_zscore + CI_monthly_change,373,93,0.005636647259955163,0.00115276156352917,2.69430395179194,2.3357294403970448,-1.2727822252544918,20,2008-06;2011-05;2011-06;2011-07;2011-08;2011-09;2011-10;2011-11;2012-04;2012-05;2012-06;2012-10;2012-11;2012-12;2013-02;2013-03;2015-07;2015-08;2019-07;2020-04,0.11873495653293833,-1.271022831746969,0.31321679458601126,-4.0579651337883105,5.810002694284222e-05,0.03691711981073275,0.05990289982087738,0.6162826828270904,0.538010838795723,1.8656830160640459e-06,1.508900136464884e-05,0.12364522813517985,0.9016498374498747,,,,,,,,
ci_spread_correlation,,,,-0.19016879945031132,3.5974514500368665e-05,466,RAC_vs_Brent_spread,CI_zscore,,,Brent,,,,,,,,,,,,,,,,,,,,,,,,,,,,,,,,,
ci_spread_model,,,,,,466,RAC_vs_Brent_spread,,0,,Brent,physical_realised_spread,RAC_vs_Brent_spread_ci_state,RAC_vs_Brent_spread_t = alpha + CI_zscore + CI_monthly_change,373,93,0.0631480191566337,0.037585032422168485,3.9009253303065035,2.635732861312967,-0.49988621168570346,21,2011-02;2011-07;2011-09;2012-03;2012-04;2012-08;2012-12;2013-02;2013-11;2013-12;2014-01;2015-02;2015-06;2015-07;2015-08;2015-09;2018-10;2020-04;2026-03;2026-04;2026-05,1.6253444150406502,-2.859690748298395,0.3249761763081791,-8.79969350610647,0.0,-0.24014546960852473,0.1371283526606036,-1.7512459309045394,0.08056572201736878,-1.3072289812121607e-05,1.869832566686051e-05,-0.6991155275089651,0.48483087992720253,,,,,,,,
ci_spread_correlation,,,,-0.11987653307798496,0.009670903443387332,465,first_purchase_vs_WTI_spread,CI_zscore,,,WTI,,,,,,,,,,,,,,,,,,,,,,,,,,,,,,,,,
ci_spread_model,,,,,,465,first_purchase_vs_WTI_spread,,0,,WTI,physical_realised_spread,first_purchase_vs_WTI_spread_ci_state,first_purchase_vs_WTI_spread_t = alpha + CI_zscore + CI_monthly_change,372,93,0.003997415290007078,0.014460446280590067,2.431142652043569,2.1896247450071917,-1.5498567409607933,20,2011-05;2011-09;2011-10;2011-11;2012-04;2012-05;2012-10;2012-11;2012-12;2013-03;2013-04;2015-02;2015-07;2015-08;2019-07;2020-03;2020-04;2020-05;2022-04;2023-11,0.737774767078767,-3.481693009426572,0.19313913225110263,-18.0268647210239,0.0,-0.08746049917633215,0.052576361135086964,-1.6634947205953585,0.09689157921228131,1.8479022929340783e-06,9.632425709076413e-06,0.19184184220521344,0.8479503821829588,,,,,,,,
ci_spread_correlation,,,,-0.1649338659365382,0.00035490574920560845,465,landed_import_vs_Brent_spread,CI_zscore,,,Brent,,,,,,,,,,,,,,,,,,,,,,,,,,,,,,,,,
ci_spread_model,,,,,,465,landed_import_vs_Brent_spread,,0,,Brent,physical_realised_spread,landed_import_vs_Brent_spread_ci_state,landed_import_vs_Brent_spread_t = alpha + CI_zscore + CI_monthly_change,372,93,0.09461830591508746,0.03191467070201315,7.27346683929736,5.725028031725086,-1.5227705529608446,20,2012-08;2013-01;2013-02;2013-10;2013-11;2013-12;2014-01;2015-08;2018-01;2018-09;2018-10;2018-11;2020-04;2022-07;2022-11;2023-01;2023-02;2024-01;2026-03;2026-04,0.7000530322936505,-4.485520267541118,0.45393752981030555,-9.881360259892055,0.0,-0.26423384410545203,0.11738751737552057,-2.250953508627094,0.024857826591274668,-3.1074351947046885e-05,2.5593501341681836e-05,-1.2141500895947708,0.22531067791308002,,,,,,,,
latest_snapshot,WTI benchmark,,,,,,,,,,,,,,,,,,,,,,,,,,,,,,,,,,,,WTI,WTI_YoY,2026-06,85.51950000000001,25.452185010782014,dollars per barrel,-1.3818358591603184,
latest_snapshot,Brent benchmark,,,,,,,,,,,,,,,,,,,,,,,,,,,,,,,,,,,,Brent,Brent_YoY,2026-06,86.11047619047619,20.527347134649474,dollars per barrel,-1.3818358591603184,
latest_snapshot,USO tradable exposure,,,,,,,,,,,,,,,,,,,,,,,,,,,,,,,,,,,,USO_month_end_adjusted_close,USO_YoY,2026-06,106.44000244140625,45.58884086007726,dollars per share,-1.3818358591603184,
latest_snapshot,RAC composite,,,,,,,,,,,,,,,,,,,,,,,,,,,,,,,,,,,,RAC_composite,RAC_composite_YoY,2026-05,97.7,54.441985456844776,dollars per barrel,-0.29392817729373444,9.587530614971683
latest_snapshot,domestic first purchase,,,,,,,,,,,,,,,,,,,,,,,,,,,,,,,,,,,,first_purchase_price,first_purchase_YoY,2026-04,97.75,57.63586518303501,dollars per barrel,0.35370444235533294,9.58551223440458
latest_snapshot,imported landed cost,,,,,,,,,,,,,,,,,,,,,,,,,,,,,,,,,,,,imported_landed_cost,landed_import_cost_YoY,2026-04,89.7,44.42118821445822,dollars per barrel,0.35370444235533294,9.58551223440458
latest_snapshot,RAC domestic,,,,,,,,,,,,,,,,,,,,,,,,,,,,,,,,,,,,RAC_domestic,RAC_domestic_YoY,2026-05,99.48,55.388940955951284,dollars per barrel,-0.29392817729373444,9.587530614971683
latest_snapshot,RAC imported,,,,,,,,,,,,,,,,,,,,,,,,,,,,,,,,,,,,RAC_imported,RAC_imported_YoY,2026-05,94.88,53.47783888709154,dollars per barrel,-0.29392817729373444,9.587530614971683
latest_snapshot,imported FOB cost,,,,,,,,,,,,,,,,,,,,,,,,,,,,,,,,,,,,imported_crude_FOB_cost,imported_FOB_cost_YoY,2026-04,86.13,48.60248447204969,dollars per barrel,0.35370444235533294,9.58551223440458
